{"stats":{"minecraft:dropped":{"minecraft:dirt":14,"minecraft:piston":1,"geckolib3:habitat":4,"minecraft:grass_block":1,"minecraft:redstone_block":1,"backrooms:entity_spawn_egg":1},"minecraft:custom":{"minecraft:time_since_rest":5956,"minecraft:crouch_one_cm":538,"minecraft:play_time":5956,"minecraft:sprint_one_cm":1170,"minecraft:walk_one_cm":9406,"minecraft:sneak_time":261,"minecraft:mob_kills":1,"minecraft:drop":9,"minecraft:jump":16,"minecraft:time_since_death":5956,"minecraft:total_world_time":5976,"minecraft:interact_with_crafting_table":3,"minecraft:fly_one_cm":7792},"minecraft:used":{"minecraft:piston":1,"minecraft:bow":4,"minecraft:crafting_table":4,"minecraft:furnace":1,"minecraft:grass_block":1,"geckolib3:habitat":14,"minecraft:redstone_block":4},"minecraft:crafted":{"backrooms:moist_silk":2},"minecraft:killed":{"backrooms:entity":1},"minecraft:picked_up":{"geckolib3:habitat":3,"minecraft:bow":1,"minecraft:lead":1,"minecraft:iron_ingot":5,"minecraft:poppy":1,"minecraft:grass_block":1,"minecraft:dirt":14}},"DataVersion":3105}