{"stats":{"minecraft:used":{"minecraft:netherite_axe":47,"minecraft:wooden_axe":9,"backrooms:old_wall":43,"minecraft:gold_ore":1},"minecraft:mined":{"backrooms:old_wall":56},"minecraft:custom":{"minecraft:time_since_rest":3021,"minecraft:leave_game":1,"minecraft:crouch_one_cm":2709,"minecraft:sprint_one_cm":608,"minecraft:play_time":3021,"minecraft:time_since_death":3021,"minecraft:walk_one_cm":6820,"minecraft:sneak_time":493,"minecraft:total_world_time":3097,"minecraft:fall_one_cm":269,"minecraft:drop":1,"minecraft:jump":9},"minecraft:dropped":{"minecraft:netherite_hoe":1},"minecraft:picked_up":{"backrooms:old_wall":56}},"DataVersion":3105}