{"stats":{"minecraft:killed":{"backrooms:entity":1},"minecraft:used":{"backrooms:entity_spawn_egg":2,"minecraft:netherite_sword":9,"minecraft:spyglass":4,"minecraft:splash_potion":1},"minecraft:custom":{"minecraft:jump":44,"minecraft:time_since_rest":4955,"minecraft:leave_game":1,"minecraft:damage_dealt":1030,"minecraft:crouch_one_cm":73,"minecraft:interact_with_furnace":1,"minecraft:sprint_one_cm":3322,"minecraft:play_time":4955,"minecraft:time_since_death":4955,"minecraft:walk_one_cm":11285,"minecraft:sneak_time":68,"minecraft:total_world_time":5118,"minecraft:mob_kills":1,"minecraft:fly_one_cm":7709}},"DataVersion":3105}