{"stats":{"minecraft:dropped":{"minecraft:lead":2,"minecraft:iron_ingot":5,"minecraft:poppy":1,"minecraft:bow":3,"minecraft:grass_block":2,"backrooms:entity_spawn_egg":2},"minecraft:custom":{"minecraft:time_since_rest":14802,"minecraft:crouch_one_cm":2601,"minecraft:play_time":14802,"minecraft:sprint_one_cm":3339,"minecraft:walk_one_cm":49278,"minecraft:sneak_time":600,"minecraft:mob_kills":3,"minecraft:drop":11,"minecraft:jump":73,"minecraft:damage_dealt":4068,"minecraft:leave_game":1,"minecraft:time_since_death":14802,"minecraft:total_world_time":14824,"minecraft:fly_one_cm":8604},"minecraft:used":{"minecraft:netherite_sword":35,"minecraft:bow":13,"minecraft:grass_block":1,"backrooms:entity_spawn_egg":8},"minecraft:killed":{"backrooms:entity":3},"minecraft:picked_up":{"backrooms:entity_spawn_egg":2,"minecraft:bow":2,"minecraft:lead":2,"minecraft:grass_block":1}},"DataVersion":3105}