{"stats":{"minecraft:used":{"minecraft:netherite_axe":7,"backrooms:moist_carpet":2,"backrooms:old_wall":2,"backrooms:old_wall_planks":3},"minecraft:custom":{"minecraft:time_since_rest":4197,"minecraft:leave_game":1,"minecraft:play_time":4197,"minecraft:time_since_death":4197,"minecraft:walk_one_cm":3647,"minecraft:sneak_time":14,"minecraft:total_world_time":4608},"minecraft:picked_up":{"backrooms:old_wall":2,"backrooms:moist_carpet":1},"minecraft:mined":{"backrooms:old_wall":2,"backrooms:old_wall_planks":3,"backrooms:moist_carpet":2}},"DataVersion":3105}