{"stats":{"minecraft:used":{"backrooms:old_wall_planks":2,"minecraft:glow_item_frame":1,"backrooms:moist_carpet":2,"backrooms:old_wall":3,"minecraft:netherite_axe":10},"minecraft:mined":{"backrooms:old_wall_planks":2,"backrooms:moist_carpet":5,"backrooms:old_wall":3},"minecraft:dropped":{"minecraft:oak_planks":26,"backrooms:silk":4},"minecraft:custom":{"minecraft:time_since_rest":2626,"minecraft:crouch_one_cm":420,"minecraft:play_time":2626,"minecraft:sprint_one_cm":4636,"minecraft:walk_one_cm":7243,"minecraft:sneak_time":82,"minecraft:drop":4,"minecraft:jump":28,"minecraft:leave_game":1,"minecraft:time_since_death":2626,"minecraft:total_world_time":2715,"minecraft:fall_one_cm":1463,"minecraft:fly_one_cm":6518},"minecraft:picked_up":{"backrooms:silk":4,"backrooms:old_wall_planks":1,"backrooms:old_wall":3,"minecraft:oak_planks":14,"backrooms:moist_carpet":1}},"DataVersion":3105}