{"stats":{"minecraft:used":{"backrooms:moist_carpet":3,"backrooms:moist_silk":1,"minecraft:netherite_axe":22,"backrooms:moist_silk_planks":1,"backrooms:dropped_ceiling":3,"backrooms:fluorescent_light":6},"minecraft:mined":{"backrooms:moist_silk_planks":2,"backrooms:moist_carpet":3,"backrooms:dropped_ceiling":2,"backrooms:fluorescent_light":5,"backrooms:moist_silk":14},"minecraft:picked_up":{"backrooms:fluorescent_light":3,"backrooms:dropped_ceiling":2,"backrooms:moist_silk":13,"backrooms:moist_silk_planks":1,"backrooms:moist_carpet":2},"minecraft:custom":{"minecraft:time_since_rest":41934,"minecraft:crouch_one_cm":139,"minecraft:play_time":41934,"minecraft:sprint_one_cm":212,"minecraft:walk_one_cm":11970,"minecraft:sneak_time":40,"minecraft:jump":9,"minecraft:time_since_death":41934,"minecraft:total_world_time":241766,"minecraft:fly_one_cm":721}},"DataVersion":3105}