{"stats":{"minecraft:dropped":{"minecraft:lead":1},"minecraft:used":{"minecraft:netherite_sword":3,"minecraft:dirt":1},"minecraft:custom":{"minecraft:jump":32,"minecraft:time_since_rest":2468,"minecraft:damage_dealt":180,"minecraft:crouch_one_cm":222,"minecraft:leave_game":1,"minecraft:sprint_one_cm":12,"minecraft:play_time":2468,"minecraft:time_since_death":2468,"minecraft:walk_one_cm":1669,"minecraft:sneak_time":27,"minecraft:total_world_time":2548,"minecraft:mob_kills":1,"minecraft:drop":1,"minecraft:fly_one_cm":898},"minecraft:killed":{"geckolib3:bikeentity":1}},"DataVersion":3105}