{"stats":{"minecraft:picked_up":{"minecraft:dirt":1},"minecraft:mined":{"minecraft:grass_block":1},"minecraft:killed":{"geckolib3:leentity":1,"geckolib3:extendedrendererentity":1},"minecraft:used":{"minecraft:netherite_sword":2},"minecraft:custom":{"minecraft:jump":7,"minecraft:time_since_rest":2553,"minecraft:leave_game":1,"minecraft:damage_dealt":240,"minecraft:crouch_one_cm":133,"minecraft:play_time":2553,"minecraft:time_since_death":2553,"minecraft:walk_one_cm":5760,"minecraft:sneak_time":57,"minecraft:total_world_time":2580,"minecraft:mob_kills":2}},"DataVersion":3105}