{"stats":{"minecraft:used":{"backrooms:moist_carpet":12,"backrooms:cooked_almond_water":1,"backrooms:moist_silk":20,"backrooms:almond_water":3,"minecraft:oak_planks":2,"minecraft:netherite_axe":3,"backrooms:moist_silk_planks":5,"backrooms:dropped_ceiling":9,"backrooms:fluorescent_light":3,"minecraft:honey_bottle":2},"minecraft:picked_up":{"backrooms:silk":6,"minecraft:glowstone":4,"minecraft:iron_nugget":2,"minecraft:oak_planks":3},"minecraft:dropped":{"minecraft:oak_planks":1},"minecraft:mined":{"backrooms:moist_silk_planks":3,"backrooms:fluorescent_light":1},"minecraft:custom":{"minecraft:time_since_rest":12540,"minecraft:crouch_one_cm":65,"minecraft:play_time":12540,"minecraft:interact_with_furnace":3,"minecraft:sprint_one_cm":1177,"minecraft:walk_one_cm":5430,"minecraft:sneak_time":13,"minecraft:drop":1,"minecraft:jump":9,"minecraft:leave_game":1,"minecraft:time_since_death":12540,"minecraft:total_world_time":13153,"minecraft:fly_one_cm":618}},"DataVersion":3105}