{"stats":{"minecraft:dropped":{"backrooms:silked_book":1},"minecraft:picked_up":{"backrooms:silked_book":1},"minecraft:custom":{"minecraft:jump":69,"minecraft:leave_game":1,"minecraft:time_since_rest":19771,"minecraft:damage_dealt":3239,"minecraft:crouch_one_cm":979,"minecraft:interact_with_furnace":1,"minecraft:sprint_one_cm":4695,"minecraft:play_time":19771,"minecraft:time_since_death":19771,"minecraft:walk_one_cm":15740,"minecraft:sneak_time":671,"minecraft:total_world_time":30636,"minecraft:mob_kills":3,"minecraft:drop":1,"minecraft:fly_one_cm":25980},"minecraft:killed":{"backrooms:entity":3},"minecraft:used":{"backrooms:entity_spawn_egg":4,"minecraft:netherite_sword":29,"minecraft:spyglass":2,"minecraft:carved_pumpkin":1,"minecraft:iron_block":4,"minecraft:grass_block":1}},"DataVersion":3105}