{"stats":{"minecraft:mined":{"backrooms:moist_carpet":4,"backrooms:old_wall_planks":2},"minecraft:custom":{"minecraft:time_since_rest":1687,"minecraft:leave_game":1,"minecraft:sprint_one_cm":268,"minecraft:play_time":1687,"minecraft:time_since_death":1687,"minecraft:walk_one_cm":2707,"minecraft:total_world_time":6401,"minecraft:jump":1},"minecraft:picked_up":{"backrooms:old_wall_planks":1,"minecraft:oak_planks":1},"minecraft:used":{"backrooms:old_wall_planks":2,"minecraft:netherite_axe":5,"backrooms:moist_carpet":4}},"DataVersion":3105}