{"stats":{"minecraft:mined":{"backrooms:old_wall":1,"backrooms:old_wall_planks":2,"backrooms:moist_carpet":1},"minecraft:picked_up":{"backrooms:old_wall":1,"backrooms:old_wall_planks":1,"minecraft:oak_planks":1},"minecraft:used":{"minecraft:netherite_axe":4,"backrooms:moist_carpet":1,"backrooms:old_wall":1,"backrooms:old_wall_planks":3},"minecraft:custom":{"minecraft:time_since_rest":2033,"minecraft:leave_game":1,"minecraft:play_time":2033,"minecraft:time_since_death":2033,"minecraft:walk_one_cm":1921,"minecraft:total_world_time":2430}},"DataVersion":3105}