{"stats":{"minecraft:dropped":{"backrooms:silk":26},"minecraft:mined":{"backrooms:old_wall":1,"backrooms:old_wall_planks":5,"backrooms:moist_carpet":2},"minecraft:picked_up":{"backrooms:silk":33,"backrooms:old_wall_planks":1,"backrooms:old_wall":1,"minecraft:oak_planks":4,"backrooms:moist_carpet":1},"minecraft:custom":{"minecraft:time_since_rest":2675,"minecraft:leave_game":1,"minecraft:sprint_one_cm":1932,"minecraft:play_time":2675,"minecraft:time_since_death":2675,"minecraft:walk_one_cm":4898,"minecraft:total_world_time":2714,"minecraft:fall_one_cm":209,"minecraft:drop":6,"minecraft:fly_one_cm":1064,"minecraft:jump":5},"minecraft:used":{"backrooms:old_wall_planks":6,"minecraft:netherite_axe":8,"backrooms:moist_carpet":2,"backrooms:old_wall":1}},"DataVersion":3105}