{"stats":{"minecraft:dropped":{"geckolib3:potato_head":1,"backrooms:cooked_almond_water":2,"minecraft:grass_block":1,"geckolib3:pistol":1},"minecraft:picked_up":{"backrooms:cooked_almond_water":1,"backrooms:moist_silk":1,"backrooms:moist_silk_planks":1},"minecraft:custom":{"minecraft:time_since_rest":6601,"minecraft:crouch_one_cm":149,"minecraft:play_time":6601,"minecraft:interact_with_furnace":4,"minecraft:sprint_one_cm":219,"minecraft:walk_one_cm":7958,"minecraft:sneak_time":247,"minecraft:drop":5,"minecraft:jump":5,"minecraft:leave_game":1,"minecraft:time_since_death":6601,"minecraft:total_world_time":6681,"minecraft:fly_one_cm":172},"minecraft:crafted":{"backrooms:cooked_almond_water":1},"minecraft:used":{"backrooms:cooked_almond_water":1,"backrooms:almond_water":5,"minecraft:furnace":1,"minecraft:grass_block":3,"geckolib3:habitat":1,"geckolib3:fertilizer":2}},"DataVersion":3105}