{"stats":{"minecraft:mined":{"backrooms:old_wall_planks":2},"minecraft:custom":{"minecraft:time_since_rest":10247,"minecraft:crouch_one_cm":4,"minecraft:leave_game":1,"minecraft:sprint_one_cm":288,"minecraft:play_time":10247,"minecraft:time_since_death":10247,"minecraft:walk_one_cm":3871,"minecraft:sneak_time":19,"minecraft:total_world_time":10571,"minecraft:fly_one_cm":177,"minecraft:jump":4},"minecraft:used":{"backrooms:old_wall_planks":6,"minecraft:netherite_axe":2,"backrooms:moist_carpet":7,"backrooms:old_wall":4}},"DataVersion":3105}