{"stats":{"minecraft:mined":{"backrooms:dropped_ceiling":1},"minecraft:custom":{"minecraft:jump":4,"minecraft:time_since_rest":2535,"minecraft:crouch_one_cm":191,"minecraft:leave_game":1,"minecraft:play_time":2535,"minecraft:time_since_death":2535,"minecraft:walk_one_cm":5464,"minecraft:sneak_time":124,"minecraft:total_world_time":3096,"minecraft:fly_one_cm":26},"minecraft:used":{"minecraft:netherite_axe":1,"backrooms:moist_silk_planks":1,"backrooms:dropped_ceiling":17,"backrooms:fluorescent_light":4,"backrooms:moist_silk":9}},"DataVersion":3105}