{"stats":{"minecraft:picked_up":{"minecraft:acacia_leaves":40,"backrooms:old_wall":3,"minecraft:mangrove_roots":2,"minecraft:netherite_hoe":1,"minecraft:acacia_sapling":1,"minecraft:white_wool":4,"minecraft:wet_sponge":3},"minecraft:custom":{"minecraft:time_since_rest":5692,"minecraft:sprint_one_cm":1973,"minecraft:play_time":5692,"minecraft:walk_one_cm":23998,"minecraft:drop":1,"minecraft:jump":4,"minecraft:leave_game":2,"minecraft:time_since_death":5692,"minecraft:total_world_time":12850},"minecraft:mined":{"minecraft:acacia_leaves":49,"minecraft:wet_sponge":3,"backrooms:moist_carpet":4,"backrooms:old_wall":3,"minecraft:mangrove_roots":2,"minecraft:white_wool":4},"minecraft:dropped":{"minecraft:shears":1},"minecraft:used":{"minecraft:white_wool":5,"minecraft:wooden_axe":4,"backrooms:moist_carpet":18,"minecraft:hay_block":1,"minecraft:mangrove_roots":3,"backrooms:old_wall":4,"minecraft:oak_planks":1,"minecraft:diamond_hoe":23,"minecraft:netherite_axe":9,"minecraft:acacia_leaves":49,"minecraft:wet_sponge":4,"minecraft:shears":26}},"DataVersion":3105}