{"stats":{"minecraft:picked_up":{"minecraft:gold_ingot":1},"minecraft:dropped":{"backrooms:moist_silk":3,"minecraft:lead":1,"backrooms:silked_book":1,"minecraft:oak_planks":1,"backrooms:almond_water":1,"minecraft:spyglass":1,"minecraft:bow":1,"minecraft:bedrock":1,"minecraft:spruce_planks":1,"minecraft:gold_ingot":1},"minecraft:custom":{"minecraft:time_since_rest":11361,"minecraft:crouch_one_cm":358,"minecraft:interact_with_furnace":1,"minecraft:play_time":11361,"minecraft:sprint_one_cm":15709,"minecraft:walk_one_cm":8010,"minecraft:sneak_time":98,"minecraft:drop":12,"minecraft:jump":148,"minecraft:leave_game":1,"minecraft:time_since_death":11361,"minecraft:total_world_time":11523,"minecraft:fly_one_cm":33314},"minecraft:used":{"minecraft:bedrock":1,"backrooms:moist_silk":3,"backrooms:moist_carpet":1,"minecraft:spyglass":14,"minecraft:bow":1,"minecraft:quartz_pillar":2,"backrooms:cooked_almond_water":2,"minecraft:oak_planks":12}},"DataVersion":3105}