{"stats":{"minecraft:mined":{"backrooms:old_wall":25},"minecraft:used":{"minecraft:netherite_axe":19,"minecraft:wooden_axe":6,"backrooms:old_wall":26},"minecraft:custom":{"minecraft:jump":5,"minecraft:time_since_rest":5407,"minecraft:crouch_one_cm":58,"minecraft:leave_game":1,"minecraft:play_time":5407,"minecraft:damage_taken":20,"minecraft:time_since_death":5407,"minecraft:walk_one_cm":3253,"minecraft:sneak_time":10,"minecraft:total_world_time":5448,"minecraft:fall_one_cm":484}},"DataVersion":3105}