{"stats":{"minecraft:picked_up":{"minecraft:iron_ingot":5,"minecraft:poppy":1,"minecraft:dirt":2},"minecraft:custom":{"minecraft:jump":25,"minecraft:time_since_rest":2202,"minecraft:crouch_one_cm":55,"minecraft:damage_dealt":1081,"minecraft:damage_taken":128,"minecraft:sprint_one_cm":2752,"minecraft:play_time":2202,"minecraft:time_since_death":2202,"minecraft:walk_one_cm":15413,"minecraft:sneak_time":49,"minecraft:total_world_time":2326,"minecraft:mob_kills":1,"minecraft:fall_one_cm":553,"minecraft:fly_one_cm":1296},"minecraft:killed":{"minecraft:iron_golem":1},"minecraft:mined":{"minecraft:grass_block":2},"minecraft:used":{"minecraft:netherite_sword":9,"minecraft:dirt":2,"minecraft:grass_block":1}},"DataVersion":3105}