{"stats":{"minecraft:mined":{"backrooms:fluorescent_light":19,"backrooms:moist_silk":1,"backrooms:moist_silk_planks":2},"minecraft:picked_up":{"backrooms:moist_silk":1,"backrooms:moist_silk_planks":2},"minecraft:used":{"minecraft:netherite_axe":3,"backrooms:moist_silk_planks":3,"backrooms:fluorescent_light":23,"backrooms:moist_silk":9,"minecraft:grass_block":6},"minecraft:custom":{"minecraft:jump":18,"minecraft:time_since_rest":11242,"minecraft:leave_game":1,"minecraft:crouch_one_cm":75,"minecraft:sprint_one_cm":977,"minecraft:play_time":11242,"minecraft:time_since_death":11242,"minecraft:walk_one_cm":7176,"minecraft:sneak_time":37,"minecraft:total_world_time":11278,"minecraft:fly_one_cm":3376}},"DataVersion":3105}