{"stats":{"minecraft:dropped":{"minecraft:filled_map":2},"minecraft:custom":{"minecraft:time_since_rest":3201,"minecraft:play_time":4046,"minecraft:sprint_one_cm":1634,"minecraft:walk_one_cm":5078,"minecraft:deaths":1,"minecraft:drop":2,"minecraft:jump":7,"minecraft:leave_game":1,"minecraft:time_since_death":3135,"minecraft:total_world_time":4074,"minecraft:fly_one_cm":27},"minecraft:picked_up":{"backrooms:silk":57,"backrooms:entity_spawn_egg":1,"minecraft:lead":1,"minecraft:spyglass":1,"minecraft:netherite_sword":1,"minecraft:spruce_planks":1,"minecraft:filled_map":2,"backrooms:almond_water":8,"minecraft:iron_ingot":5,"backrooms:silked_book":1,"minecraft:iron_block":1,"backrooms:moist_silk":2,"minecraft:poppy":1,"minecraft:oak_planks":1}},"DataVersion":3105}